timestamp,gpu_util_percent,gpu_memory_mib,train_process_cpu_percent
2026-09-30T18:45:02+08:00,0,10245,
2026-09-30T18:45:03+08:00,23,10245,331.7
2026-09-30T18:45:04+08:00,30,10245,358.7
2026-09-30T18:45:05+08:00,14,10245,295.7
2026-09-30T18:45:06+08:00,18,10245,441.6
2026-09-30T18:45:07+08:00,1,10245,395.7
2026-09-30T18:45:08+08:00,0,10245,338.9
2026-09-30T18:45:09+08:00,27,10245,302.7
2026-09-30T18:45:10+08:00,26,10245,401.7
2026-09-30T18:45:11+08:00,0,10245,419.6
2026-09-30T18:45:12+08:00,0,10245,216.8
2026-09-30T18:45:13+08:00,31,10245,484.7
2026-09-30T18:45:14+08:00,0,10245,420.7
2026-09-30T18:45:15+08:00,0,10245,341.8
2026-09-30T18:45:16+08:00,0,10245,239.8
2026-09-30T18:45:17+08:00,31,10245,444.5
2026-09-30T18:45:18+08:00,0,10245,379.0
2026-09-30T18:45:19+08:00,1,10245,316.6
2026-09-30T18:45:20+08:00,33,10245,383.7
2026-09-30T18:45:21+08:00,19,10245,305.4
2026-09-30T18:45:22+08:00,9,10245,444.6
2026-09-30T18:45:23+08:00,0,10245,357.9
2026-09-30T18:45:24+08:00,1,10245,259.8
2026-09-30T18:45:25+08:00,35,10245,416.6
2026-09-30T18:45:26+08:00,1,10245,339.7
2026-09-30T18:45:27+08:00,35,10245,322.7
2026-09-30T18:45:28+08:00,18,10245,447.9
2026-09-30T18:45:29+08:00,0,10245,278.8
2026-09-30T18:45:30+08:00,14,10245,327.7
2026-09-30T18:45:31+08:00,20,10245,361.7
2026-09-30T18:45:32+08:00,1,10245,357.7
2026-09-30T18:45:33+08:00,31,10245,384.7
2026-09-30T18:45:34+08:00,1,10245,284.8
2026-09-30T18:45:35+08:00,27,10245,414.6
2026-09-30T18:45:36+08:00,7,10245,326.7
2026-09-30T18:45:37+08:00,22,10245,341.7
2026-09-30T18:45:38+08:00,9,10245,390.8
2026-09-30T18:45:39+08:00,28,10245,368.1
2026-09-30T18:45:40+08:00,1,10245,393.7
2026-09-30T18:45:41+08:00,0,10245,348.7
2026-09-30T18:45:42+08:00,1,10245,246.8
2026-09-30T18:45:43+08:00,53,10245,419.5
2026-09-30T18:45:44+08:00,0,10245,388.9
2026-09-30T18:45:45+08:00,1,10245,264.8
2026-09-30T18:45:46+08:00,35,10245,475.5
2026-09-30T18:45:47+08:00,1,10245,370.7
2026-09-30T18:45:48+08:00,1,10245,464.7
2026-09-30T18:45:49+08:00,0,10245,303.8
2026-09-30T18:45:50+08:00,0,10245,305.0
2026-09-30T18:45:51+08:00,32,10245,373.6
2026-09-30T18:45:52+08:00,27,10245,349.7
2026-09-30T18:45:53+08:00,1,10245,396.3
2026-09-30T18:45:54+08:00,0,10245,437.6
2026-09-30T18:45:55+08:00,0,10245,399.7
2026-09-30T18:45:56+08:00,0,10245,462.0
2026-09-30T18:45:57+08:00,0,10245,348.8
2026-09-30T18:45:58+08:00,0,10245,253.8
2026-09-30T18:45:59+08:00,21,10245,337.7
2026-09-30T18:46:00+08:00,31,10245,342.0
2026-09-30T18:46:01+08:00,8,10245,311.7
2026-09-30T18:46:02+08:00,19,10245,335.7
2026-09-30T18:46:03+08:00,2,10245,373.9
2026-09-30T18:46:04+08:00,28,10245,386.7
2026-09-30T18:46:05+08:00,2,10245,318.7
2026-09-30T18:46:07+08:00,26,10245,315.6
2026-09-30T18:46:08+08:00,11,10245,364.6
2026-09-30T18:46:09+08:00,22,10245,315.7
2026-09-30T18:46:10+08:00,21,10245,337.7
2026-09-30T18:46:11+08:00,34,10245,344.7
2026-09-30T18:46:12+08:00,1,10245,480.9
2026-09-30T18:46:13+08:00,0,10245,390.7
2026-09-30T18:46:14+08:00,0,10245,362.7
2026-09-30T18:46:15+08:00,1,10245,173.9
2026-09-30T18:46:16+08:00,52,10245,451.5
2026-09-30T18:46:17+08:00,0,10245,391.7
2026-09-30T18:46:18+08:00,1,10245,382.7
2026-09-30T18:46:19+08:00,33,10245,422.7
2026-09-30T18:46:20+08:00,0,10245,210.9
2026-09-30T18:46:21+08:00,16,10245,330.7
2026-09-30T18:46:22+08:00,21,10245,423.7
2026-09-30T18:46:23+08:00,1,10245,466.6
2026-09-30T18:46:24+08:00,0,10245,417.7
2026-09-30T18:46:25+08:00,0,10245,333.8
2026-09-30T18:46:26+08:00,0,10245,362.7
2026-09-30T18:46:27+08:00,0,10245,392.9
2026-09-30T18:46:28+08:00,0,10245,441.5
2026-09-30T18:46:29+08:00,0,10245,350.7
2026-09-30T18:46:30+08:00,1,10245,241.8
2026-09-30T18:46:31+08:00,51,10245,370.6
2026-09-30T18:46:32+08:00,1,10245,418.6
2026-09-30T18:46:33+08:00,0,10245,400.8
2026-09-30T18:46:34+08:00,0,10245,386.7
2026-09-30T18:46:35+08:00,1,10245,280.8
2026-09-30T18:46:36+08:00,29,10245,480.6
2026-09-30T18:46:37+08:00,0,10245,399.7
2026-09-30T18:46:38+08:00,0,10245,275.8
2026-09-30T18:46:39+08:00,12,10245,396.6
2026-09-30T18:46:40+08:00,21,10245,290.8
2026-09-30T18:46:41+08:00,13,10245,428.6
2026-09-30T18:46:42+08:00,16,10245,265.8
2026-09-30T18:46:43+08:00,15,10245,403.3
2026-09-30T18:46:44+08:00,13,10245,238.8
2026-09-30T18:46:45+08:00,31,10245,413.6
2026-09-30T18:46:46+08:00,1,10245,435.6
2026-09-30T18:46:47+08:00,0,10245,358.7
2026-09-30T18:46:48+08:00,0,10245,221.8
2026-09-30T18:46:49+08:00,57,10245,412.6
2026-09-30T18:46:50+08:00,1,10245,319.7
2026-09-30T18:46:51+08:00,1,10245,410.6
2026-09-30T18:46:52+08:00,21,10245,317.7
2026-09-30T18:46:53+08:00,32,10245,364.7
2026-09-30T18:46:54+08:00,9,10245,383.7
2026-09-30T18:46:55+08:00,23,10245,314.8
2026-09-30T18:46:56+08:00,1,10245,454.6
2026-09-30T18:46:57+08:00,0,10245,433.7
2026-09-30T18:46:58+08:00,0,10245,382.9
2026-09-30T18:46:59+08:00,0,10245,313.8
2026-09-30T18:47:00+08:00,1,10245,190.8
2026-09-30T18:47:01+08:00,52,10245,471.5
2026-09-30T18:47:02+08:00,1,10245,268.1
